zone,center_name,building_name,shop_name,latitude,longitude,
CER,CER Aweday Service center,Ethio telecom building,center of aweday city,9.3600309,42.0447189,
CER,CER Bedeno Kiosk,Ethio telecom building,Bedeno Adminstartion,9.1118945,41.6325964,
CER,CER Gursum Service center,Ethio telecom building,Gusrum police station,9.3569567,42.3953061,
CER,CER Harar 2 Service center,CER WERHOUSE,Arround silase church,9.3114935,42.1270012,
CER,CER Harar Mension BTS Moveable Kiosk,move to aweday chat center,aweday chat center,9.3227627,42.0903723,
CER,CER Haremaya Service center,Ethio telecom building,haramaya police station,9.3960372,42.0101862,
CER,CER Harer Premium Service center,Ethio telecom building,ras hotel/AGIP,9.3120561,42.1210819,
CER,CER Melakarufa Kiosk,Ethio telecom building,melkarafu adminstartion,9.4359472,42.1191164,
CNR,CNR Alemketema Kiosk,Ethio Building,Alemketema ,10.0611496,38.9937129,
CNR,CNR Ankober Kiosk,Ethio Building,Ankober ,9.595293,39.734742,
CNR,CNR Arerti Service center,Ethio Building,Arerti ,8.928199,39.425722,
CNR,CNR Chancho Kiosk,Ethio Building,Chancho ,9.2701783,38.7605567,
CNR,CNR Debre Birhan Premium Service center,Silassie Building,Debre Birhan Silassie,9.6791821,39.5320219,
CNR,CNR Dera Service center,Ethio Building,Dera ,10.2239084,38.6995743,
CNR,CNR Enewari Kiosk,Ethio Building,Enewari ,9.894158,39.14524,
CNR,CNR Fitche Service center,Ethio Building,Fitche tele,9.7809652,38.7374429,
CNR,CNR Kuyu Service center,Ethio Building,Kuyu ,9.8067962,38.4181509,
CNR,CNR Mehal Meda Kiosk,Ethio Building,Mehal Meda ,10.311855,39.655708,
CNR,CNR Metebila Kiosk,Ethio Building,Metebila ,9.19802,39.711289,
CNR,CNR Molale Kiosk,Ethio Building,Molale ,10.122306,39.665419,
CNR,CNR Muketuri Kiosk,Ethio Building,Muketuri ,9.550692,38.876415,
CNR,CNR Sendafa Service center,Ethio Building,Sendafa tele,9.1518017,39.0234317,
CNR,CNR Sheno Kiosk,Ethio Building,Sheno ,9.3308648,39.2948395,
CNR,CNR Shewarobit Service center,Ethio Building,Shewarobit tele,10.000655,39.899029,
CNR,CNR Sululta Service center,Ethio Building,Sululta tele,9.1774419,38.7576297,
CWR,CWR Ambo Premium Service center,Union ,Gebeya Bekele,8.9825003,37.8635076,
CWR,CWR Ambo 2 Service center,Derara,Derara Hotel,8.9824316,37.8635416,
CWR,CWR Ameya Kiosk,Ethiotelecome,Sinke Bank,8.5972778,37.7578548,
CWR,CWR Enchini Kiosk,Ethiotelecome,Infront of Cooperative Bank,9.313862,38.377551,
CWR,CWR Gedo Service center,Ethiotelecome,Awash Bank ,9.011838,37.4496749,
CWR,CWR Ginchi Service center,Ethiotelecome,Dendi Woreda Police,8.9784844,37.8796701,
CWR,CWR Gojo (Jeldu) Kiosk,Ethiotelecome,Gojo woreda Adminstration,9.266623,38.083789,
CWR,CWR Holeta Service center,Pasfic ,CBE Welmera Branch,9.0645267,38.49419,
CWR,CWR Leman Kiosk,Ethiotelecome,CBE Leman Branch,8.608031,38.607485,
CWR,CWR Sebeta Service center,Ethiotelecome,Infront of RightHotel,8.8956091,38.582918,
CWR,CWR Seyo Kiosk,Ethiotelecome,Askome Hotel,8.666666,37.333332,
CWR,CWR Tulubolo Service center,Ethiotelecome,Selam Hotel,8.660385,38.2128517,
CWR,CWR Woliso Service center,Ethiotelecome,CBE Weliso Branch,8.5399448,37.9723831,
EAAZ,EAAZ CMC  EV station Kiosk Corner,CMC  EV station,CMC  EV station,,,
EAAZ,EAAZ Alfoz Plaza Kiosk Corner,gerji alfoz plaza ,gerji alfoz plaza ,9.001144,38.8019461,
EAAZ,EAAZ Ayat Adebabay Service center,On the road leading from Derartu Square to Tafo,On the road leading from Derartu Square to Tafo,9.0278431,38.8775754,
EAAZ,EAAZ Ayat/CMC Service center,CMC tsehay real estat ,CMC tsehay real estat ,9.0212727,38.8550082,
EAAZ,EAAZ Bole Airport Service center,at bole airport ,at bole airport ,8.9839717,38.7965621,
EAAZ,EAAZ Bole Arabsa Kiosk,Bole arabsa condomminuem ,at bole arabsa condomminuem ,9.0073955,38.8673838,
EAAZ,EAAZ Bole Medanialem Premium Service center,on bole medanialem cherch bulding ,on bole medanialem cherch bulding ,8.9946537,38.7904511,
EAAZ,EAAZ Bole Novis Service center,bole japan KZ bulding ,bole japan KZ bulding ,8.9918581,38.7815367,
EAAZ,EAAZ Bole Tele Service center,at bole medanialem core site ,at bole medanialem core site ,8.999781,38.7840919,
EAAZ,EAAZ CMC Michael Kiosk Corner,Ifront of CMC michael cherch Near to Gast Mall,ifront of CMC michael cherch Near to Gast Mall,9.0211179,38.8466381,
EAAZ,EAAZ Figa Service center,On the road salite meherte to figa trafic light ,On the road salite meherte to figa trafic light ,8.9945486,38.8129468,
EAAZ,EAAZ Gerje Service center,Gerji Roba bekery shop ,Gerji Roba bekery shop ,8.9939024,38.8128484,
EAAZ,EAAZ Haya Hulet Service center,22 ifront of golagol tawer ,22 ifront of golagol tawer ,9.0157692,38.78793,
EAAZ,EAAZ Haya Hulet- Awraris Kiosk Corner,On the road leading from ednamol to hayahulet bedriya moll,On the road leading from ednamol to hayahulet bedriya moll,9.0079643,38.7885903,
EAAZ,EAAZ Legtafo Service center,legetafo at CCD building ,legetafo at CCD building ,9.0717127,38.8945642,
EAAZ,EAAZ London Cafe2 Service center,Bole  Near to alem cinema ,Bole  Near to alem cinema ,8.9947655,38.7905253,
EAAZ,EAAZ Megengana Adebabay Service center,megenagna adebabay derartu tawer,megenagna adebabay derartu tawer,9.018761,38.7995545,
EAAZ,EAAZ Summit 72 Service center,infront of summit 72 NOC gass station SEGROUP BULILDIN ,infront of summit 72 NOC gass station SEGROUP BULILDIN ,9.0063423,38.8652609,
EAAZ,EAAZ Yeka Abado Kiosk,Yeka abado condominum ,Yeka abado condominum ,9.0639142,38.8716963,
EER,EER Afder Kiosk,Hergele ET building ,Hergele,5.2234612,42.1793363,
EER,EER Cheriti Kiosk,Cheriti ET building ,Cheriti,5.3370175,41.8804294,
EER,EER Chinaksen Kiosk,Chinaksen ET building ,Chinaksen,9.5071708,42.6116881,
EER,EER Degahbour Service center,Degahbour ET building , Degahbour,8.2208674,43.5562954,
EER,EER Fiq Kiosk,Fiq ET building ,Fiq,8.1402851,42.293875,
EER,EER Gode Service center,Gode  ET building ,Gode ,5.9527393,43.5511718,
EER,EER Jigjiga  Premium Service center,Jigjiga  EER main office ET building , Jigjiga  EER main office,9.351036,42.8123318,
EER,EER Jigjiga 2 Service center,Jigjiga  old  ET building ,Jigjiga  old ethiotelecom office,9.3480855,42.7991143,
EER,EER Kebridehar Service center,Kebridehar new office  ET building ,Kebridehar new office ,6.7297867,44.2734867,
EER,EER Shilabo Kiosk,Shilabo ET building , Shilabo,6.0910644,44.7637212,
EER,EER Togochale Kiosk,Togochale ET building , Togochale,9.5992791,43.3296171,
EER,EER Wareder Kiosk,Wareder ET building ,Wareder,6.9788258,45.3428956,
ER,ER Ayisha Kiosk,Ethio telecom building,Ayisha,10.7522,42.5718,
ER,ER Bedesa Kiosk,Ethio telecom building,Bedesa,8.904535,40.777195,
ER,ER Chiro Service center,Ethio telecom building,Chiro,9.09056,40.8657,
ER,ER Deder Service center,Ethio telecom building,Deder,9.317762,41.442122,
ER,ER Dire Dawa Kiosk,Ethio telecom building,Dire,9.5994273,41.8707815,
ER,ER Dire Dawa Premium Service center,Ethio telecom building, Dire Dawa,9.6051208,41.8562975,
ER,ER Dire Dawa2 Service center,Ethio telecom building,Dire,9.5943325,41.8628247,
ER,ER Gelemso Service center,Ethio telecom building,Gelemso,8.8167,40.5167,
ER,ER Jaja Kiosk,Ethio telecom building,Jaja,9.083333,41.366667,
ER,ER Karamile Kiosk,Ethio telecom building,Karamile,9.3729515,41.3700904,
ER,ER Mechara Kiosk,Ethio telecom building,Mechara,8.602759866,40.32190989,
ER,ER Mesela Kiosk,Ethio telecom building,Mesela,9.070108,41.171082,
ER,ER Shinile Kiosk,Ethio telecom building,Shinile,9.687985,41.84642,
ER,ER Tulo Service center,Ethio telecom building,Tulo,9.219839,41.105849,
NAAZ,NAAZ 4 Killo Service center,Kidist silasie unversity Building,Kidist silasie unversity Building,9.0318457,38.7654675,
NAAZ,NAAZ 4 Killo-Tourist Service center,shirega building,shirega building,9.0319447,38.7654933,
NAAZ,NAAZ 6 killo Premium Service center,Ethio telecom 6 killo own Building,Ethio telecom 6 killo own Building,9.0416645,38.7664712,
NAAZ,NAAZ Balderas Kiosk Corner,BETUMA building,BETUMA building,9.0273389,38.7829484,
NAAZ,NAAZ Bambis Service center,De Lopel hotel,De Lopel hotel,9.0099142,38.7725315,
NAAZ,NAAZ ET Garage Service center,ethio telecom own building telegarage,ethio telecom own building telegarage,8.9992304,38.7584702,
NAAZ,NAAZ Ferensay Service center,own building,own building,9.0547484,38.7785228,
NAAZ,NAAZ Grand Place Kiosk Corner,Grand palace building,Grand palace building,,,
NAAZ,NAAZ Gurdshola Service center,Gurdshola tele,Gurdshola tele,9.0194493,38.819669,
NAAZ,NAAZ Kazachis Service center,Bloom tech twoer ,Bloom tech twoer ,9.0162853,38.7685799,
NAAZ,NAAZ Kirkos Core Site Kiosk,Kirkos tele core site,Kirkos tele core site,8.9945133,38.7536201,
NAAZ,NAAZ Kotebie Service center,No name,No name,9.0393724,38.8553286,
NAAZ,NAAZ Legehar Office Moveable Kiosk,own building,own building,9.013706,38.7531736,
NAAZ,NAAZ Megenagna/Yeka Service center,Amare Abreham,Amare Abreham,9.0187742,38.7979274,
NAAZ,NAAZ Meskel Flower Service center,merkeb plaza 1st  floor.,merkeb plaza 1st  floor.,9.0017638,38.7672082,
NAAZ,NAAZ Shiro Meda Service center,Shiromeda SC,Shiromeda SC,9.0608767,38.7607464,
NAAZ,NAAZ Shola Gebeya BTS site Moveable Kiosk,own building,own building,9.0248515,38.7950062,
NAAZ,NAAZ Shola Gebeya BTS site 2 Moveable Kiosk,own building,own building,9.0249763,38.7950699,
NAAZ,NAAZ Stadium Service center,Yaha Building,Yaha Building,9.0113274,38.7549805,
NAAZ,NAAZ Tekle Haimanot Service center,Mekonnen bitew commercial center,Mekonnen bitew commercial center,9.0276335,38.7444813,
NAAZ,NAAZ Weha Lemat Premium Service center,Mirtezer,Mirtezer,9.0143851,38.7809005,
NAAZ,NAAZ Wosen Service center,NOC building,NOC building,9.0292506,38.8358648,
NEER,NEER Asayta Kiosk,Ethio telecom building,Asayta,11.5739748,41.4340551,
NEER,NEER Awash 7 Service center,Ethio telecom building,Awash 7,8.9946529,40.1686433,
NEER,NEER Dalifagi Kiosk,Ethio telecom building,Dalifagi,10.625563,40.310938,
NEER,NEER Kelewan Kiosk,Ethio telecom building,Kelewan, 12.145580, 39.978830,
NEER,NEER Logiya Kiosk,Ethio telecom building,Logiya,11.7299295,40.9862889,
NEER,NEER Melka -Werer Kiosk,Ethio telecom building,Melka Werer, 9.53467819, 40.36183478,
NEER,NEER Milie Kiosk,Ethio telecom building,Milie,11.295999,40.445999,
NEER,NEER Semera Premium Service center,Ethio telecom building,Semera,11.7919063,41.0101824,
NER,NER Ajibar Tenta Kiosk,ET BUILDING,Ajibar,11.23757,39.243211,
NER,NER Akesta Kiosk,ET BUILDING,Akesta,10.880031   ,39.188168,
NER,NER Amara Saint Kiosk,ET BUILDING,Saint,11.032219,38.770508,
NER,NER Bati Service center,ET BUILDING,Bati,11.191126,40.020746,
NER,NER Dessie Premium Service center,ET BUILDING,Dessie Piassa,11.1182895,39.6326208,
NER,NER Dessie 2 Service center,ETEGIE BUILDING ,Dessie banbuha,11.1436794,39.6410095,
NER,NER Dessie Segno Gebeya Kiosk,MOSQUE BUILDING,Dessie segno gebeya,11.103759,39.62841,
NER,NER Haik Service center,ET BUILDING,Haiku,11.3116999,39.6764196,
NER,NER Hara Kiosk,ET BUILDING,Hara,11.8404921,39.7403423,
NER,NER Kelela Kiosk,ET BUILDING,kelala,10.58356,39.00047,
NER,NER Kemissie Service center,ET BUILDING,Piassa,10.7156538,39.8672525,
NER,NER Kobo Service center,ET BUILDING,Kobo,12.1536371,39.6287486,
NER,NER Kombolcha Service center,ET BUILDING,City Administration,11.0864192,39.737076,
NER,NER Kon Kiosk,ET BUILDING,Kone,11.66182,38.933093,
NER,NER Lalibela Service center,ET BUILDING,Piassa,12.0309,39.0476,
NER,NER Mekaneselam Service center,ET BUILDING,Mekaneselam tele,10.748726,38.759226,
NER,NER Sekota Service center,ET BUILDING,Sekota,12.626844,39.034678,
NER,NER Wegedi Kiosk,ET BUILDING,Wogdi,10.5833,38.7667,
NER,NER Woldia Service center,ET BUILDING,Gonderber,11.824965,39.588705,
NER,NER Ziquala Kiosk,ET BUILDING,Ziquala,12.781586,38.797199,
NNWR,NNWR Abderafi Kiosk,ET Building,Abderafi Town,13.73306,35.45,
NNWR,NNWR Addiszemen Kiosk,ET Building,Addis Zemen Town,12.119792,37.7739747,
NNWR,NNWR Azezo Service center,ET Building,In front of the Ethiopian Roads Authority office,12.55913,37.4304785,
NNWR,NNWR Chilga Kiosk,ET Building,Chilga Town,12.55,37.06667,
NNWR,NNWR Chuait Kiosk,ET Building,Chuait Town,12.33496,37.22426,
NNWR,NNWR Dabat Kiosk,ET Building,Dabat Town,12.960778,37.764632,
NNWR,NNWR Dansha Kiosk,ET Building,Dansha Town,,,
NNWR,NNWR Debark Service center,ET Building,Debark Town,13.15417,37.89817,
NNWR,NNWR Debre Tabor Service center,ET Building,In Front of Emperor Tewodros Square,11.8558883,38.0090883,
NNWR,NNWR Delgi Kiosk,ET Building,Delgi Town,12.2,37.05,
NNWR,NNWR Estie Service center,ET Building,Estie Town,11.02451,38.10508,
NNWR,NNWR Gondar  Premium Service center,ET Building,In Front of Piassa EmperorTewodros Square,12.6123486,37.4698207,
NNWR,NNWR Gondar 2 Service center,St.George Building,St. Giorgis cherch,12.5948232,37.4546758,
NNWR,NNWR Humera Kiosk,ET Building,Humera Town,12.25,37.75,
NNWR,NNWR Makisegnet Kiosk,ET Building,Makisegnit Town,12.3799802,37.5553021,
NNWR,NNWR Maraki Kiock Corner,Maraki IBEX Building,Maraki,,,
NNWR,NNWR Metema Service center,ET Building,Metema Town,12.9545,36.1573,
NNWR,NNWR Nefas Mewcha Service center,ET Building,Nefas Mewcha Town,10.93546,38.28083,
NNWR,NNWR Simada Kiosk,ET Building,Simada Town,11.5,38.25,
NNWR,NNWR Woreta Service center,ET Building,Woreta Town,11.9255867,37.6948822,
NR,NR Abiadi Service center,ET Own Building,Abiadi,13.623939,39.0012,
NR,NR Adigrat Service center,ET Own Building,,14.2770945,39.4596934,
NR,NR Adigreat  2 Kiosk,ET Own Building,,14.27778,39.4615474,
NR,NR Adihia Ediga Service center,ET Own Building,Adi Shumdhun Trafic light,13.5098879,39.4573772,
NR,NR Adiremet kiosk,ET Own Building,,,,Inactive
NR,NR Adwa Service center,ET Own Building,,14.164883,38.897782,
NR,NR Alamata Service center,ET Own Building,,12.414097,39.55804,
NR,NR Alamata 2 Kiosk,Moges Hagos Building (Rental),Beside Birhan International Bank Aalamata Branch ,12.4162,39.561809,
NR,NR Axum Service center,ET Own Building,,14.124052,38.724132,
NR,NR Axum 2 Kiosk,Gebrewahid Abadi Building (Rental),Edaga hamus market area or (Enda Asraleqa Abay ),,,
NR,NR Dansha kiosk,ET Own Building,,,,Inactive
NR,NR Edaga Arbi Kiosk,ET Own Building,,14.04026,39.06869,
NR,NR Edaga Hamus Kiosk,ET Own Building,,14.1883096,39.5622882,
NR,NR Endaselasei Service center,ET Own Building,In front of Tsehaye Elemetary school,14.105048,38.290297,
NR,NR Enticho Kiosk,ET Own Building,,14.27592,39.1516,
NR,NR Hawzien Kiosk,ET Own Building,,13.9808694,39.431515,
NR,NR Humera Service center,ET Own Building,,,,currently under NWR
NR,NR Korem Kiosk,ET Own Building,,12.50533,39.52238,
NR,NR Maichew Kiosk,ET Own Building,,12.786524,39.539946,
NR,NR Maytsebri Service center,ET Own Building,,,,Inactive
NR,NR Mehoni Service center,ET Own Building,,12.803497,39.646018,
NR,NR Mekele  Premium Service center,ET Own Building,ET NR Main office or In front of Sheba University College,13.4890759,39.4699242,
NR,NR Mekele 1 Kiosk,Dedebit Micro finance Building(Rental),Dedebit Micro Finance Head office (Adi Haqi Market),13.488151,39.470106,
NR,NR Mekele 2 Kiosk,Gebremedhin Gebremichael (Modern Hotel)(Rental),lachi hadush Mender Edaga Sheqalo (Modern Hotel),13.497,39.4766,
NR,NR Mekelle -2 Service center,ET Own Building,In front of Atse Yohannes 4th palace ,13.4972061,39.4766454,
NR,NR Quiha Service center,ET Own Building,,13.4743972,39.5404259,
NR,NR Selkilaka Kiosk,ET Own Building,,14.114365,38.473986,
NR,NR Sheraro Service center,ET Own Building,,14.388279,37.769802,
NR,NR Shire 2 Kiosk,Adisu Tesfay Building (Rental),In fron of Negasi Building,,,
NR,NR Wukro Service center,ET Own Building,,13.7953867,39.6025608,
NWR,NWR Abay Mado Market Kiosk,Abaymado gebeya Cobel Tele,Abaymado gebeya coble area,11.5876589,37.3877426,
NWR,NWR Abay-Mado Service center,Abaymado Tele,near to st.Gebriel church,11.5877371,37.3846758,
NWR,NWR Azena Kiosk,Azena tele,Azena tele,10.76367,36.81556,
NWR,NWR Bahir Dar  Premium Service center,NWR Ethio telecom regional office Building,around depo(infront of tana haik school),11.5998553,37.3718925,
NWR,NWR Bahir Dar 2 Service center,Like-heran Basaznew Fentie Building,at old Millinium café building,11.5969165,37.3852088,
NWR,NWR Bahirdar3 Service center,Hidar 11 S.C building ,Besides to NOC gas station,11.5789405,37.3952966,
NWR,NWR Bichena Service center,Bichena Tele building,Bichena Tele,10.44968,38.19963,
NWR,NWR Burrie Service center,Bure Tele building,At the back of Bure Bus station,10.70149,37.06013,
NWR,NWR Chagni Service center,Chagni Tele building,Chagni Tele building,10.95282,36.5094,
NWR,NWR Dangla Service center,Dangila Tele building,Dangila Tele building,11.25723,36.84162,
NWR,NWR Debre Markos Service center,D/Markos Tele building,Infront of town main square (FM hotel),10.33625,37.72905,
NWR,NWR Debre Markos 2 Service center,Nubia hotel building ,At gound of Nubia hotel building,10.34069,37.72966,
NWR,NWR Debre Work Kiosk,D/work tele building,D/work tele building,10.659058,38.166672,
NWR,NWR Dejen Service center,Dejen tele building,Dejen tele building,10.16392,38.15139,
NWR,NWR Finote Selam Service center,Finoteselam tele building,infront of town main square ,10.67985,37.2597,
NWR,NWR Jiga Kiosk,Jiga tele building,Jiga tele building,,,
NWR,NWR Kosober Service center,Kosober tele G+4 building,Infront of Chima Hotel,10.95968,36.934005,
NWR,NWR Lummame Kiosk,Lumame tele building,Besides to Awabel woreda Admin office,10.25016,37.93768,
NWR,NWR Mertolemariam Kiosk,Mertolemariam tele building,Mertolemariam tele building,10.86747,38.27497,
NWR,NWR Motta Service center,Motta tele building,Motta tele building,11.08085,37.87952,
NWR,NWR Shendi Kiosk,Shendi tele building,Shendi tele building,10.64216,36.94415,
NWR,NWR Tana Service center,Bahirdar Tele core site building,around st.giorgis church,11.5974608,37.3958763,
NWR,NWR Addis Kidam Kiosk,Addis kidam tele building,Addis kidam tele building,11.04412,36.53101,
SAAZ,SAAZ Bole michael Service center,Bole michael church,Bole Micael ,8.9795308,38.7711908,
SAAZ,SAAZ Akaki 1 (Akaki Alembank) Service center,AGTA PLC,Akaki Alembank (Gara Duba),8.8694889,38.7976486,
SAAZ,SAAZ Akaki 2 Service center (Aakakie Beseka ),Roba building ,Akaki Beska ,8.8624005,38.7933253,
SAAZ,SAAZ Amaziye Meda Kiosk Corner,own,kera/Almaziye meda BTS compound,,,
SAAZ,SAAZ Bole Bulbula Service center,MAHB Building,Bole Bulbula( Mariam mazoriye),8.9520707,38.7866238,
SAAZ,SAAZ Goffa Service center,Sofia Moll,Kera ,8.9805378,38.74941,
SAAZ,SAAZ Hana Mariam Service center,Netsanet H/Mariam Tefera,Hanmariam (nearby Hanmariam Gulit),8.9301798,38.7427714,
SAAZ,SAAZ Kaliti Service center,Tatu Abera  ,Kality near by  Bank of absiny ,8.9010012,38.7683266,
SAAZ,SAAZ Koye Fetche Service center,own,Koyee Feche infornt of Koyee sub cisty ,8.9035512,38.8249171,
SAAZ,SAAZ Lafto Mehal Kiosk,ELSABET,Lafto ,8.9912008,38.7256311,
SAAZ,SAAZ Saris Premium Service center,CBE,Saris ,8.9526446,38.7631517,
SAAZ,SAAZ Tulu Dimtu Service center,AMKORA,Tuludimitu near by roundabut ,8.8735309,38.8181434,
SAAZ,SAAZ Wengelawit (Nifas Silk) Service center,Own,Nifas silk core sit ,8.9639417,38.762937,
SER,SER Abomsa Service center,ET Building,In front of  NOC,8.4884822,39.8285629,
SER,SER Adama  Premium Service center,ET Building,Adama Mebrat Hail,8.5485935,39.2717662,
SER,SER Adama 2 Service center,Haji Building,Infront of Germen Hotel,8.5394937,39.2603023,
SER,SER Adama 3 Service center,Adama Gumruk ,Tikur Abay,8.5195111,39.2762124,
SER,SER Adama 4 Service center,Anteneh Tesfaye Building,Infront of Muse Hospital/Adama 04 ,8.5530116,39.2782254,
SER,SER Adama Bole Kiosk Corner,ET Building,Wangari Area ,8.5681078,39.2837895,
SER,SER Amede Kiosk Corner,Amede Gebeya,Amede ,8.5680497,39.2837908,
SER,SER Arboye Kiosk,ET Building,Arboye tele,8.38311,39.68215,
SER,SER Arsi Sire Kiosk,ET Building,Arsi Sire Tele,8.28045,39.48983,
SER,SER Arsirobe Service center,ET Building,Robe Kebele 02,7.8680717,39.6287998,
SER,SER Asela Kiosk,No Name ,Infront of haile building/Menaheria,7.961084,39.132833,
SER,SER Assela Service center,Post office Building,Post Office/ Total Fuel Station,7.953236,39.1320804,
SER,SER Batu Service center,ET Building,ButaJira road,7.9313026,38.7152294,
SER,SER Bekoji Service center,ET Building,Mazegaja Sefer,7.534277,39.255846,
SER,SER Bishoftu 1 Service center,ET Building,Bishoftu Circle ,8.748912,38.9823755,
SER,SER Bishoftu 2 Service center,Daniel Yifru Building,Mekelakeya,8.7542868,38.9530055,
SER,SER Dixis Kiosk,ET Building,Dixis Tele,8.0605345,39.5558175,
SER,SER Dukem Service center,ET Building,Dukem Tele,8.7933092,38.9029613,
SER,SER Gelan Kiosk,ET Building,Gelan City,8.8335007,38.8384981,
SER,SER Meki Service center,ET Building,Meki Addministarrion ,8.14625,38.816094,
SER,SER Metehara Service center,ET Building,Tele ,8.9031348,39.9159212,
SER,SER Modjo Service center,ET Building,Tele /or Post office ,8.6002094,39.1231096,
SER,SER Welenchiti Kiosk,ET Building,Ketema Asetedader,8.659969,38.65942,
SER,SER Wonji Kiosk,Abune Teklehaimanot Church,Timekete bahir ,8.4583832,39.2229988,
SR,SR A/Wendo Service center,ET Bulding,Aleta Wondo ,6.6033433,38.4251976,
SR,SR Adolla Service center,ET Bulding,Adolla , 5.8797,38.9909,
SR,SR AmaroKelle Kiosk,ET Bulding,Amaro Kele ,5.836851,37.903087,
SR,SR Arsinegele Service center,ET Bulding,Arisi Negele ,7.3533467,38.6713705,
SR,SR Bensa Service center,Redeat Building,Dye ,6.5248823,38.8268391,
SR,SR Bule Hora Service center,ET Bulding,Bulehora,5.6367551,38.2385962,
SR,SR Chelelektu  . Kiosk,ET Bulding,Chelelektu ,6.006432,38.154748,
SR,SR Dilla Service center,ET Bulding,Dillla ,6.4121034,38.3131252,
SR,SR Dolloodo Kiosk,ET Bulding,Dolo Ado ,4.1760386,42.0562149,
SR,SR Filtu Kiosk,ET Bulding,Filtu ,5.149301,40.647912,
SR,SR Finchawa Kiosk,ET Bulding,Finchweha ,5.4000343,38.2740699,
SR,SR Hawassa  Premium Service center,ET Bulding,Hawassa ,7.0477474,38.4882418,
SR,SR Hawassa 2 Service center,ET Bulding,Hawassa ,7.0524472,38.4710576,
SR,SR Kercha Kiosk,ET Bulding,Kercha ,5.780469,38.406157,
SR,SR Kofelle Kiosk,ET Bulding,Kofele ,7.073155,38.7902763,
SR,SR Leku Kiosk,ET Bulding,Leku ,6.87309,38.44425,
SR,SR Moyale Service center,ET Bulding,Moyale ,3.5458666,39.0487807,
SR,SR Negelee Borena Service center,ET Bulding,Negele Borena ,5.3324,39.579552,
SR,SR Shahemene 2 Service center,Africa Moal ,Shahemene,7.196821,38.616775,
SR,SR Shahemene 3 Kiosk,ET Bulding,Shahemene,7.197885,38.599125,
SR,SR Shakisso Service center,Gawele Building ,Shakisso ,5.7692065,38.9008448,
SR,SR Shashemene Service center,ET Bulding,Shahemene,7.1898968,38.5879825,
SR,SR Teltele Kiosk,ET Bulding,Teltele ,5.064578,37.384999,
SR,SR Yabello Service center,ET Bulding,Yabello ,4.8854112,38.1403968,
SR,SR Yirgachefe Service center,ET Bulding,Yirga Cheffe ,6.1598909,38.2010316,
SR,SR Yirgalem Service center,ET Bulding,Yirga Alem ,6.7489076,38.4123326,
SSER,SSER Adaba Kiosk,ethio telecom,Adaba,7.007915,39.3943383,
SSER,SSER Agarfa Kiosk,ethio telecom,Agarfa,7.2687776,39.8212654,
SSER,SSER Bale Robe Service center,Metaferiya Hotel,Bale Robe,7.1321145,40.000677,
SSER,SSER Delomena Service center,ethio telecom,Delomena,6.4165755,39.8529013,
SSER,SSER Dodola Service center,ethio telecom,Dodola,6.97806,39.187085,
SSER,SSER Gassera Kiosk,ethio telecom,Gasera,7.370578,40.189972,
SSER,SSER Ghinir Service center,ethio telecom,Ghinir,7.1384,40.7111,
SSER,SSER Goba Service center,ethio telecom,Goba,7.0047562,39.9677639,
SSER,SSER Goro Kiosk,ethio telecom,Goro,6.9950181,40.4796901,
SSWR,SSWR Arbaminch Service center,Tele core site,Secha,6.03,37.55,
SSWR,SSWR Arbaminch 2 Service center,Dashen Bank Building,Sikela,6.034443,37.556969,
SSWR,SSWR Areka Service center,ET Building,Areka City Admin,6.8500023,37.7630565,
SSWR,SSWR Bele Kiosk,ET Building,Bele City Admin,6.9238191,37.6527982,
SSWR,SSWR Bonesha Kiosk,ET Building,Bonesha City Admin,6.8499987,37.763037,
SSWR,SSWR Butajira Service center,ET Building,Butajira City Admin.,6.8500002,37.763055,
SSWR,SSWR Chencha Kiosk,ET Building,Chencha City Admin.,6.249,37.5801,
SSWR,SSWR Darge Kiosk,ET Building,Darge City Admin.,8.42184,37.52172,
SSWR,SSWR Doye Gena Kiosk,ET Building,Doyo Gena City Admin.,7.3531,37.7831,
SSWR,SSWR Durame Service center,ET Building,Durame City Admin.,6.9223853,37.6496158,
SSWR,SSWR Emdibir Kiosk,ET Building,Emdibir City Admin.,6.8499968,37.7630572,
SSWR,SSWR Gessa Kiosk,ET Building,Gessa City Admin.,7.01482,37.27485,
SSWR,SSWR Hadero Kiosk,ET Building,Hadero City Admin.,6.8500019,37.763053,
SSWR,SSWR Halaba Service center,ET Building,Halaba City Admin.,6.8499984,37.7630538,
SSWR,SSWR Hamer Kiosk,ET Building,Dimmeka City Admin.,5.168012,36.543502,
SSWR,SSWR Hossaena 2 Service center,ET Building,Medaniyalem Church,6.8500012,37.7630561,
SSWR,SSWR Hossana Service center,ET Building,Colonel Bezabeh Square,6.8499881,37.7630539,
SSWR,SSWR Jinka Service center,ET Building,Jinka City Admin.,5.780634,36.571592,
SSWR,SSWR Konso Kiosk,ET Building,Karat City Admin.,5.337808,37.440014,
SSWR,SSWR Sawula Service center,ET Building,Sawula City Admin.,6.3010201,36.8821144,
SSWR,SSWR Selamago Kiosk,ET Building,Hana City Admin.,6.224581,36.130196,
SSWR,SSWR Tercha Service center,ET Building,Tercha City Admin.,7.1444817,37.173075,
SSWR,SSWR Tora Kiosk,ET Building,Tora City Admin.,7.88603,38.4245,
SSWR,SSWR Welekite Service center,ET Building,Welkitte City Admin.,6.849999,37.7630673,
SSWR,SSWR Welkite - Gubre Kiosk,ET Building,Gubre Sub City ,8.291126,37.781985,
SSWR,SSWR Wolayta 2 Service center,Feleke Building,Tena Tabiya Sefer,6.862578,37.7633921,
SSWR,SSWR Wolayta Sodo Premium Service center,Mulege Building,Around Abrham Hotel,6.8503485,37.7744729,
SSWR,SSWR Worabe Service center,ET Building,Werabe City Admin.,7.853321,38.187399,
SWAAZ,SWAAZ Bisrate Gebriel Kiosk Corner,ET Building,Near to St. bisrate gebriel church,8.9912008,38.7256311,
SWAAZ,SWAAZ Africa Union Kiosk Corner,OLD AU building,AU compound,,,
SWAAZ,SWAAZ Alembank Service center,Ashrek building owner ,Near to Alembank ,9.0022559,38.676736,
SWAAZ,SWAAZ Alemgena Service center,Wangari share company Building ,Near to Coble Fuel station,8.9354605,38.6646155,
SWAAZ,SWAAZ Ayertena Service center,DG building ,Ayertena behind Sami Café,8.9825581,38.698135,
SWAAZ,SWAAZ Betel Service center,Ethio POST office building,Betel around kolfe subcity ,9.0043475,38.6980734,
SWAAZ,SWAAZ Haile Garment Kiosk,Abo Yegara hintsa menoria ,Garment Meskelegna,8.9356842,38.72294,
SWAAZ,SWAAZ Jemo Service center,Naod Building ,Jemmo 1 ,8.9614084,38.7144718,
SWAAZ,SWAAZ Jemo Michael Service center,Express plaza ,Near to Jemo Micahel church ,8.9696159,38.7228494,
SWAAZ,SWAAZ Karakore Kiosk,Yared Worku ,Girar sefer,8.9791763,38.685267,
SWAAZ,SWAAZ Lebu Premium Service center,Fozia building,Infront of Gara market,8.9488396,38.728678,
SWAAZ,SWAAZ Lideta Service center,Lideta Ethiotelecom building ,Infront of Lideta court ,9.0112911,38.7339049,
SWAAZ,SWAAZ Mekanisa Kiosk Corner,Mekanisa Ethio telecom compound,Infront of Seminarioum college ,8.9701008,38.7310903,
SWAAZ,SWAAZ Mexico Service center,Tsegaye and Family share company ,Infrant of Genet Hotel,9.003069,38.7467483,
SWAAZ,SWAAZ Sarbet Service center,EGUST building ,Next from Sudan Club,8.9917197,38.7384051,
SWAAZ,SWAAZ Torhailoch Service center,Muluwongel Church building,Ketena hulet /Torhailoch,9.0103069,38.7202656,
SWAAZ,SWAAZ Welete Service center,Wolete ethioteleom building,Wolete tele,8.967046,38.6730179,
SWR,SWR Agaro Service center,Agaro ET Building,Agaro ,7.8553775,36.5861873,
SWR,SWR Atigano Kiosk,Atinago ET Building,Atinago ,8.3055732,36.949801,
SWR,SWR Bedelle Service center,Bedele ET Building,Bedele ,8.4562812,36.3503971,
SWR,SWR Bonga Service center,Bonga ET Building,Bonga ,7.2659956,36.2450016,
SWR,SWR Chira Kiosk,Chira ET Building,Chira ,7.7442679,36.250272,
SWR,SWR Gatira Kiosk,Gatira ET Building,Gatira,7.976635,36.2037476,
SWR,SWR Gesha Kiosk,Gesha ET Building,Gesha ,7.5940502,35.759778,
SWR,SWR Gore Kiosk,Gore ET Building,Gore ,8.1528191,35.5376891,
SWR,SWR Jimma Kiosk,Hasen Building,Hasen Building,7.6684846,36.8482147,
SWR,SWR Jimma  Premium Service center,Main Office Building,Main Office Building,7.6756771,36.8289725,
SWR,SWR Jimma 2 Service center,Chirstian Building,Chirstina Building,7.6744921,36.8338171,
SWR,SWR Jimma 3 Service center,White Building,Nejib Ababiya Building,7.6678136,36.8400541,
SWR,SWR Limmu Service center,Limu ET Building,Limu ,8.0893803,36.9523165,
SWR,SWR Metti Kiosk,Metti ET Builing,Metti ,7.2372508,35.3209677,
SWR,SWR Mettu Service center,Metu ET Building,Metu ,8.2970726,35.5826262,
SWR,SWR Mizan Service center,Mizan ET Building,Mizan ,6.9989562,35.5874634,
SWR,SWR Shay Benchi Kiosk,Sheyi Bench ET Building,Sheyi Bench ,6.9630733,35.7705678,
SWR,SWR Sokoru Kiosk,Secoru ET Building,Secoru ,7.9266401,37.4194034,
SWR,SWR Teppi Service center,Tepi ET Building,Tepi ET ,7.1997074,35.4217688,
SWWR,SWWR Abobo Kiosk,ET building,Abobo town, 7.897045 , 34.542625,
SWWR,SWWR Gambela University Moveable Kiosk,Inside Gambella University,Gambella University,8.240594,34.605339,
SWWR,SWWR Gambella Premium Service center,ET building,tele area,8.2522527,34.5891079,
SWWR,SWWR Gambella - Newland Kiosk,Hadi building,Newland,8.246077,34.5958992,
SWWR,SWWR Gambella 2 Service center,Near to Abysinia Bank,Gilo Adebabay,8.2389445,34.5848558,
SWWR,SWWR Nignngana Kiosk,ET building,Gningnang town, 8.301818 , 33.684317 ,
WAAZ,WAAZ Enkulal Fabrica Service center,Tadesse checkol comercial complex,"Enkulal fabrica, near enkulal fabrica federal police officers club",9.0480821,38.7415485,
WAAZ,WAAZ Adawa Muzeum Kiosk,Adwa Muzeum Building ,Infornt of Arada Building ,9.0387513,38.75568,
WAAZ,WAAZ Addis Ketema Service center,own building ground floor ,Near to Autobis bus station,9.0341383,38.7339617,
WAAZ,WAAZ Addisu Gebeya Service center,own building ground floor,Behind Gulele administration,9.0585881,38.7348357,
WAAZ,WAAZ Arada Premium Service center,own building ,Infornt of Arada Giorgis church ,9.0394047,38.751866,
WAAZ,WAAZ Ashewa Meda Service center,"Tariku building , ",Near to shaka mall,9.0322318,38.6643766,
WAAZ,WAAZ Asko Service center, Own building ,Infront of Asko bus station ,9.0666576,38.6933236,
WAAZ,WAAZ Burayou Service center,Burayu tele new building ground floor ,Burayu tele new building ground floor ,9.0765329,38.675839,
WAAZ,WAAZ Geja Sefer Kiosk, Commercial bank building ground floor ,Near to Mierab Hotel,9.0162993,38.7401646,
WAAZ,WAAZ Habtegiorgis Moveable Kiosk,Around Habtegiorgis Dildiy ,Around Habtegiorgis Dildiy ,9.0340533,38.742505,
WAAZ,WAAZ Kechene Kiosk,Geremew Building,kechene first Road near to mobile station,,,
WAAZ,WAAZ Kolfe Service center, OWN BUILDING /Atena Tera,"Near to EFOITA , OWN BUILDING /Atena Tera",9.0402533,38.7133525,
WAAZ,WAAZ Kolfe -Lukanda Moveable Kiosk,Around Lukanda End of Taxi staion,Around Lukanda End of Taxi station,9.0333371,38.7083345,
WAAZ,WAAZ Mercato Service center,"YZ BUILDING 1st floor , ",Around Sebategn,9.0321183,38.7323633,
WAAZ,WAAZ Mercato Dubai Tera Moveable Kiosk,Dubai ,infornt of Mercato bus station ,9.0311617,38.73957,
WAAZ,WAAZ Mercato2 Service center, Commercial bank building ground floor ,Near to Mierab Hotel,9.0293403,38.7366309,
WAAZ,WAAZ Mesalemiya Service center,Shewa tsega building ,Shewa tsega building ground floor,9.0341,38.7281317,
WAAZ,WAAZ Raguael Moveable Kiosk,Infront of Siket Building around Ragual church,Infront of Siket Building around Ragual church,9.0325016,38.7386387,
WAAZ,WAAZ Shegole Service center,MSSN Boff  Trading plc,"Near to Medahnalem preparatory school ,",9.0529616,38.7208868,
WR,WR Alemi Teferi Kiosk,ET Biulding ,Alemteferi  town,8.9050383,35.2266491,
WR,WR Babu Kiosk,ET Biulding , Babu town,9.472055,35.1986364,
WR,WR Baco Service center,ET Biulding , Baco city,9.1192552,37.0596912,
WR,WR Begi Kiosk,ET Biulding , Begi city,9.3407,34.5362,
WR,WR Dembi Dolo Service center,ET Biulding , Dembi Dolo  town naer to Post oficee,8.534744,34.8004865,
WR,WR Fincha Kiosk,ET Biulding , Fincha town ,9.6622,37.3346,
WR,WR Ghimbi Service center,ET Biulding , Ghimbi city near to Ghimbi high court ,9.1797566,35.832766,
WR,WR Gidayana Service center,ET Biulding , Gidayana town,9.8690,36.6276,
WR,WR Guten Service center,ET Biulding , Guten town,"9° 1' 55.51""N","36° 40' 17.23""E ",
WR,WR Kake Service center,ET Biulding , Kake town,8.9260722,35.0489535,
WR,WR Kombolcha Kiosk,ET Biulding , Kombolcha town,11.08,39.73,
WR,WR Mendi Service center,Melkamu Building,Mendi town,9.7970,35.1,
WR,WR Nedjo Service center,ET Biulding ,Nedjo town,9.5066974,35.5029627,
WR,WR Nekemete Kiosk,Wakshum Building,Nekemete ,9.0828902,36.5826851,
WR,WR Nekemete DDC Moveable Kiosk,ET Biulding ,Moveable,9.0888883,36.5371433,
WR,WR Nekemte Premium Service center,ET Biulding ,Nekemte city,9.0880932,36.5501127,
WR,WR Nekemte  2 Service center,Shako Building,Nekemte city,9.0888424,36.5368842,
WR,WR Shambu Service center,ET Biulding ,shambu city,9.5670883,37.1042991,
WWR,WWR Regional Office Moveable Kiosk,Yohannes Girmay Building,Assosa-Addisu Asphalt,,,
WWR,WWR Asosa University Moveable Kiosk,Ethiotelecom Building,Arround Zumbara Printing,,,
WWR,WWR Assosa Premium Service center,Ethiotelecom Building,Assosa- Old Chat Tera,10.0632354,34.5378592,
WWR,WWR Assosa Kiosk Corner,Mashaalah Build ,Arround Yetebaberut Fuel Station,,,
WWR,WWR Bambasi Kiosk,Ethiotelecom Building,BamBasi- Arround Bas Station, 11.296495,  36.241807,
WWR,WWR Gilgel Beles Service center,Ethiotelecom Building,Around Adebabay, 11.151952, 36.349712,
WWR,WWR Kamashi kiosk,Ethiotelecom Building,Kamash Tele,11.280738, 40.643007,
WWR,WWR Manbuk Kiosk,Ethiotelecom Building,Arround Mestedadir , 11.296495,  36.241807,
WWR,WWR Mankush Kiosk,Ethiotelecom Building,Mankush Tele,11.267587,35.283417,