zone,area_id,area_name,building_name,specific_location,latitude,longitude,
CER,1851,Aweday Service center,Ethio telecom building,center of aweday city,9.3600309,42.0447189,
CER,1853,Bedeno Kiosk,Ethio telecom building,Bedeno Adminstartion,9.1118945,41.6325964,
CER,1928,Gursum Service center,Ethio telecom building,Gusrum police station,9.3569567,42.3953061,
CER,1830,Harar 2 Service center,CER WERHOUSE,Arround silase church,9.3114935,42.1270012,
CER,1830,Harar Mension BTS Moveable Kiosk,move to aweday chat center,aweday chat center,9.3227627,42.0903723,
CER,1831,Haremaya Service center,Ethio telecom building,haramaya police station,9.3960372,42.0101862,
SR,1212,A/Wendo Service center,Ethio telecom building,ras hotel/AGIP,9.3120561,42.1210819,
SER,1187,Abomsa Service center,Ethio telecom building,melkarafu adminstartion,9.4359472,42.1191164,
CNR,2023,Alemketema Kiosk,Ethio Building,Alemketema ,10.0611496,38.9937129,
SER,5306,Adama 3 Service center,Ethio Building,Ankober ,9.595293,39.734742,
SER,5306,Adama 4 Service center,Ethio Building,Arerti ,8.928199,39.425722,
CNR,2025,Chancho Kiosk,Ethio Building,Chancho ,9.2701783,38.7605567,
SER,1101,Adama Bole Kiosk Corner,Silassie Building,Debre Birhan Silassie,9.6791821,39.5320219,
CNR,1111,Dera Service center,Ethio Building,Dera ,10.2239084,38.6995743,
CNR,2108,Enewari Kiosk,Ethio Building,Enewari ,9.894158,39.14524,
CNR,2020,Fitche Service center,Ethio Building,Fitche tele,9.7809652,38.7374429,
SER,1101,Adama  Premium Service center,Ethio Building,Kuyu ,9.8067962,38.4181509,
CNR,2110,Mehal Meda Kiosk,Ethio Building,Mehal Meda ,10.311855,39.655708,
CNR,1193,Metebila Kiosk,Ethio Building,Metebila ,9.19802,39.711289,
NWR,1593,Addis Kidam Kiosk,Ethio Building,Molale ,10.122306,39.665419,
CNR,2033,Muketuri Kiosk,Ethio Building,Muketuri ,9.550692,38.876415,
CNR,2095,Sendafa Service center,Ethio Building,Sendafa tele,9.1518017,39.0234317,
CNR,2093,Sheno Kiosk,Ethio Building,Sheno ,9.3308648,39.2948395,
CNR,1774,Shewarobit Service center,Ethio Building,Shewarobit tele,10.000655,39.899029,
CNR,2034,Sululta Service center,Ethio Building,Sululta tele,9.1774419,38.7576297,
CWR,2062,Ambo Premium Service center,Union ,Gebeya Bekele,8.9825003,37.8635076,
CWR,2062,Ambo 2 Service center,Derara,Derara Hotel,8.9824316,37.8635416,
CWR,1991,Ameya Kiosk,Ethiotelecome,Sinke Bank,8.5972778,37.7578548,
CWR,2079,Enchini Kiosk,Ethiotelecome,Infront of Cooperative Bank,9.313862,38.377551,
CWR,2069,Gedo Service center,Ethiotelecome,Awash Bank ,9.011838,37.4496749,
CWR,2068,Ginchi Service center,Ethiotelecome,Dendi Woreda Police,8.9784844,37.8796701,
CWR,2064,Holeta Service center,Pasfic ,CBE Welmera Branch,9.0645267,38.49419,
NR,1761,Adiremet kiosk,Ethiotelecome,CBE Leman Branch,8.608031,38.607485,
CWR,1984,Sebeta Service center,Ethiotelecome,Infront of RightHotel,8.8956091,38.582918,
CWR,1512,Seyo Kiosk,Ethiotelecome,Askome Hotel,8.666666,37.333332,
CWR,1985,Woliso Service center,Ethiotelecome,CBE Weliso Branch,8.5399448,37.9723831,
EAAZ,5940,Ayat Adebabay Service center,On the road leading from Derartu Square to Tafo,On the road leading from Derartu Square to Tafo,9.0278431,38.8775754,
EAAZ,5940,Ayat/CMC Service center,CMC tsehay real estat ,CMC tsehay real estat ,9.0212727,38.8550082,
EAAZ,189,Bole Airport Service center,at bole airport ,at bole airport ,8.9839717,38.7965621,
SSER,1162,Agarfa Kiosk,Bole arabsa condomminuem ,at bole arabsa condomminuem ,9.0073955,38.8673838,
NER,1788,Ajibar Tenta Kiosk,on bole medanialem cherch bulding ,on bole medanialem cherch bulding ,8.9946537,38.7904511,
EAAZ,189,Bole Novis Service center,bole japan KZ bulding ,bole japan KZ bulding ,8.9918581,38.7815367,
EAAZ,189,Bole Tele Service center,at bole medanialem core site ,at bole medanialem core site ,8.999781,38.7840919,
SAAZ,2056,Akaki 1 (Akaki Alembank) Service center,Ifront of CMC michael cherch Near to Gast Mall,ifront of CMC michael cherch Near to Gast Mall,9.0211179,38.8466381,
SAAZ,2056,Akaki 2 Service cent(Aakakie Beseka ),On the road salite meherte to figa trafic light ,On the road salite meherte to figa trafic light ,8.9945486,38.8129468,
EAAZ,2090,Alfoz Plaza Kiosk Corner,Gerji Roba bekery shop ,Gerji Roba bekery shop ,8.9939024,38.8128484,
SR,1264,AmaroKelle Kiosk,On the road leading from ednamol to hayahulet bedriya moll,On the road leading from ednamol to hayahulet bedriya moll,9.0079643,38.7885903,
EAAZ,5962,Legtafo Service center,legetafo at CCD building ,legetafo at CCD building ,9.0717127,38.8945642,
SAAZ,5907,Amaziye Meda Kiosk Corner,Bole  Near to alem cinema ,Bole  Near to alem cinema ,8.9947655,38.7905253,
CNR,1199,Arerti Service center,Yeka abado condominum ,Yeka abado condominum ,9.0639142,38.8716963,
SSWR,1272,Arbaminch Service center,Hergele ET building ,Hergele,5.2234612,42.1793363,
SSWR,1272,Arbaminch 2 Service center,Cheriti ET building ,Cheriti,5.3370175,41.8804294,
SR,1140,Arsinegele Service center,Chinaksen ET building ,Chinaksen,9.5071708,42.6116881,
SER,1121,Arsirobe Service center,Degahbour ET building , Degahbour,8.2208674,43.5562954,
EER,6033,Fiq Kiosk,Fiq ET building ,Fiq,8.1402851,42.293875,
EER,1924,Gode Service center,Gode  ET building ,Gode ,5.9527393,43.5511718,
EER,6038,Jigjiga  Premium Service center,Jigjiga  EER main office ET building , Jigjiga  EER main office,9.351036,42.8123318,
EER,6038,Jigjiga 2 Service center,Jigjiga  old  ET building ,Jigjiga  old ethiotelecom office,9.3480855,42.7991143,
EER,1926,Kebridehar Service center,Kebridehar new office  ET building ,Kebridehar new office ,6.7297867,44.2734867,
EER,1959,Shilabo Kiosk,Shilabo ET building , Shilabo,6.0910644,44.7637212,
EER,1931,Togochale Kiosk,Togochale ET building , Togochale,9.5992791,43.3296171,
SER,1112,Arsi Sire Kiosk,Wareder ET building ,Wareder,6.9788258,45.3428956,
NEER,1883,Asayta Kiosk,Ethio telecom building,Ayisha,10.7522,42.5718,
SER,1103,Asela Kiosk,Ethio telecom building,Bedesa,8.904535,40.777195,
ER,1829,Chiro Service center,Ethio telecom building,Chiro,9.09056,40.8657,
SWR,1392,Atigano Kiosk,Ethio telecom building,Deder,9.317762,41.442122,
ER,175,Dire Dawa Kiosk,Ethio telecom building,Dire,9.5994273,41.8707815,
ER,175,Dire Dawa Premium Service center,Ethio telecom building, Dire Dawa,9.6051208,41.8562975,
ER,5301,Dire Dawa2 Service center,Ethio telecom building,Dire,9.5943325,41.8628247,
ER,1834,Gelemso Service center,Ethio telecom building,Gelemso,8.8167,40.5167,
ER,1870,Jaja Kiosk,Ethio telecom building,Jaja,9.083333,41.366667,
ER,1867,Karamile Kiosk,Ethio telecom building,Karamile,9.3729515,41.3700904,
ER,1874,Mechara Kiosk,Ethio telecom building,Mechara,8.602759866,40.32190989,
ER,1863,Mesela Kiosk,Ethio telecom building,Mesela,9.070108,41.171082,
NEER,1885,Awash 7 Service center,Ethio telecom building,Shinile,9.687985,41.84642,
ER,1832,Tulo Service center,Ethio telecom building,Tulo,9.219839,41.105849,
NAAZ,2044,4 Killo Service center,Kidist silasie unversity Building,Kidist silasie unversity Building,9.0318457,38.7654675,
NAAZ,2044,4 Killo-Tourist Service center,shirega building,shirega building,9.0319447,38.7654933,
SWAAZ,1982,Ayertena Service center,Ethio telecom 6 killo own Building,Ethio telecom 6 killo own Building,9.0416645,38.7664712,
ER,5301,Ayisha Kiosk,BETUMA building,BETUMA building,9.0273389,38.7829484,
NWR,1598,Azena Kiosk,De Lopel hotel,De Lopel hotel,9.0099142,38.7725315,
WR,1508,Baco Service center,ethio telecom own building telegarage,ethio telecom own building telegarage,8.9992304,38.7584702,
NWR,2121,Abay Mado Market Kiosk,own building,own building,9.0547484,38.7785228,
NWR,2121,Abay-Mado Service center,Grand palace building,Grand palace building,,,
NWR,169,Bahir Dar 2 Service center,Gurdshola tele,Gurdshola tele,9.0194493,38.819669,
NAAZ,2048,Kazachis Service center,Bloom tech twoer ,Bloom tech twoer ,9.0162853,38.7685799,
NAAZ,2053,Kirkos Core Site Kiosk,Kirkos tele core site,Kirkos tele core site,8.9945133,38.7536201,
NAAZ,2091,Kotebie Service center,No name,No name,9.0393724,38.8553286,
NAAZ,182,Legehar Office Moveable Kiosk,own building,own building,9.013706,38.7531736,
NWR,169,Bahirdar3 Service center,Amare Abreham,Amare Abreham,9.0187742,38.7979274,
NWR,169,Bahir Dar  Premium Service center,merkeb plaza 1st  floor.,merkeb plaza 1st  floor.,9.0017638,38.7672082,
NAAZ,2045,Shiro Meda Service center,Shiromeda SC,Shiromeda SC,9.0608767,38.7607464,
NAAZ,2098,Shola Gebeya BTS site Moveable Kiosk,own building,own building,9.0248515,38.7950062,
NAAZ,2098,Shola Gebeya BTS site 2 Moveable Kiosk,own building,own building,9.0249763,38.7950699,
NAAZ,2098,Balderas Kiosk Corner,Yaha Building,Yaha Building,9.0113274,38.7549805,
NAAZ,5950,Tekle Haimanot Service center,Mekonnen bitew commercial center,Mekonnen bitew commercial center,9.0276335,38.7444813,
SSER,1105,Bale Robe Service center,Mirtezer,Mirtezer,9.0143851,38.7809005,
NAAZ,2049,Bambis Service center,NOC building,NOC building,9.0292506,38.8358648,
ER,1873,Bedesa Kiosk,Ethio telecom building,Asayta,11.5739748,41.4340551,
SWAAZ,1987,Betel Service center,Ethio telecom building,Awash 7,8.9946529,40.1686433,
NEER,1889,Dalifagi Kiosk,Ethio telecom building,Dalifagi,10.625563,40.310938,
NEER,1890,Kelewan Kiosk,Ethio telecom building,Kelewan,12.145580,39.978830,
NEER,1887,Logiya Kiosk,Ethio telecom building,Logiya,11.7299295,40.9862889,
SER,1102,Bishoftu 1 Service center,Ethio telecom building,Melka Werer,9.53467819,40.36183478,
NEER,1901,Milie Kiosk,Ethio telecom building,Milie,11.295999,40.445999,
NEER,1883,Semera Premium Service center,Ethio telecom building,Semera,11.7919063,41.0101824,
SER,1102,Bishoftu 2 Service center,ET BUILDING,Ajibar,11.23757,39.243211,
NER,1769,Akesta Kiosk,ET BUILDING,Akesta,10.880031,39.188168,
SWAAZ,178,Bisrate Gebriel Kiosk Corner,ET BUILDING,Saint,11.032219,38.770508,
NER,1772,Bati Service center,ET BUILDING,Bati,11.191126,40.020746,
NER,173,Dessie Premium Service center,ET BUILDING,Dessie Piassa,11.1182895,39.6326208,
NER,173,Dessie 2 Service center,ETEGIE BUILDING ,Dessie banbuha,11.1436794,39.6410095,
NER,173,Dessie Segno Gebeya Kiosk,MOSQUE BUILDING,Dessie segno gebeya,11.103759,39.62841,
NER,1768,Haik Service center,ET BUILDING,Haiku,11.3116999,39.6764196,
NER,1804,Hara Kiosk,ET BUILDING,Hara,11.8404921,39.7403423,
EAAZ,6044,Bole Arabsa Kiosk,ET BUILDING,kelala,10.583556,39.000469,
NER,1773,Kemissie Service center,ET BUILDING,Piassa,10.7156538,39.8672525,
NER,1770,Kobo Service center,ET BUILDING,Kobo,12.1536371,39.6287486,
NER,1767,Kombolcha Service center,ET BUILDING,City Administration,11.0864192,39.737076,
NER,1809,Kon Kiosk,ET BUILDING,Kone,11.66182,38.933093,
SAAZ,2089,Bole michael Service center,ET BUILDING,Piassa,12.0309,39.0476,
NER,1786,Mekaneselam Service center,ET BUILDING,Mekaneselam tele,10.748726,38.759226,
NER,1810,Sekota Service center,ET BUILDING,Sekota,12.626844,39.034678,
EAAZ,5965,Bole Medanialem Premium Service center,ET BUILDING,Wogdi,10.5833,38.7667,
NER,1766,Woldia Service center,ET BUILDING,Gonderber,11.824965,39.588705,
SAAZ,5952,Bole Bulbula Service center,ET BUILDING,Ziquala,12.781586,38.797199,
NNWR,1659,Abderafi Kiosk,ET Building,Abderafi Town,13.733056,35.45,
NNWR,1608,Addiszemen Kiosk,ET Building,Addis Zemen Town,12.119792,37.7739747,
NNWR,1578,Azezo Service center,ET Building,In front of the Ethiopian Roads Authority office,12.55913,37.4304785,
NNWR,1649,Chilga Kiosk,ET Building,Chilga Town,12.549997,37.066667,
SR,1227,Bule Hora Service center,ET Building,Chuait Town,12.33496,37.22426,
NNWR,1670,Dabat Kiosk,ET Building,Dabat Town,12.960778,37.764632,
NNWR,1760,Dansha Kiosk,ET Building,Dansha Town,,,
NNWR,1579,Debark Service center,ET Building,Debark Town,13.15417,37.89817,
NWR,1598,Chagni Service center,ET Building,In Front of Emperor Tewodros Square,11.8558883,38.0090883,
SR,1263,Chelelektu  . Kiosk,ET Building,Delgi Town,12.2,37.05,
EER,1924,Cheriti Kiosk,ET Building,Estie Town,12.007847,38.105078,
NNWR,1570,Gondar  Premium Service center,ET Building,In Front of Piassa EmperorTewodros Square,12.6123486,37.4698207,
EER,6038,Chinaksen Kiosk,St.George Building,St. Giorgis cherch,12.5948232,37.4546758,
NNWR,1686,Humera Kiosk,ET Building,Humera Town,12.25,37.75,
NNWR,1578,Chuait Kiosk,Maraki IBEX Building,Maraki,,,
EAAZ,5941,CMC  EV station Kiosk Corner,ET Building,Metema Town,12.9545,36.1573,
EAAZ,5938,CMC Michael Kiosk Corner,ET Building,Nefas Mewcha Town,9.382808,38.114354,
NNWR,1602,Simada Kiosk,ET Building,Simada Town,11.5,38.25,
NNWR,1573,Woreta Service center,ET Building,Woreta Town,11.9255867,37.6948822,
NR,1685,Abiadi Service center,ET Own Building,Abiadi,13.623939,39.0012,
NR,1679,Adigrat Service center,ET Own Building,,14.2770945,39.4596934,
NR,1679,Adigreat  2 Kiosk,ET Own Building,,14.27778,39.4615474,
CNR,2088,Debre Birhan Premium Service center,ET Own Building,,,
NR,1683,Adwa Service center,ET Own Building,,14.164883,38.897782,
NR,1682,Alamata Service center,ET Own Building,,12.414097,39.55804,
NR,1682,Alamata 2 Kiosk,Moges Hagos Building (Rental),Beside Birhan International Bank Aalamata Branch ,12.4162,39.561809,
NR,1680,Axum Service center,ET Own Building,,14.124052,38.724132,
NR,1680,Axum 2 Kiosk,Gebrewahid Abadi Building (Rental),Edaga hamus market area or (Enda Asraleqa Abay ),,,
NR,1760,Dansha kiosk,ET Own Building,,,
NR,1746,Edaga Arbi Kiosk,ET Own Building,,14.040261,39.068692,
NWR,1569,Debre Markos 2 Service center,ET Own Building,,14.1883096,39.5622882,
NNWR,1572,Debre Tabor Service center,ET Own Building,In front of Tsehaye Elemetary school,14.105048,38.290297,
NR,1737,Enticho Kiosk,ET Own Building,,14.27592,39.1516,
EER,1927,Degahbour Service center,ET Own Building,,13.9808694,39.431515,
NR,1686,Humera Service center,ET Own Building,,,
NR,1731,Korem Kiosk,ET Own Building,,12.50533,39.52238,
NNWR,1578,Delgi Kiosk,ET Own Building,,12.786524,39.539946,
NR,1698,Mehoni Service center,ET Own Building,,12.803497,39.646018,
NR,171,Mekele  Premium Service center,ET Own Building,ET NR Main office or In front of Sheba University College,13.4890759,39.4699242,
NR,171,Mekele 1 Kiosk,Dedebit Micro finance Building(Rental),Dedebit Micro Finance Head office (Adi Haqi Market),13.488151,39.470106,
NR,5304,Mekele 2 Kiosk,Gebremedhin Gebremichael (Modern Hotel)(Rental),lachi hadush Mender Edaga Sheqalo (Modern Hotel),13.497,39.4766,
NR,5304,Mekelle -2 Service center,ET Own Building,In front of Atse Yohannes 4th palace ,13.4972061,39.4766454,
NR,1687,Quiha Service center,ET Own Building,,13.4743972,39.5404259,
NR,1723,Sheraro Service center,ET Own Building,,14.388279,37.769802,
NR,1706,Edaga Hamus Kiosk,Adisu Tesfay Building (Rental),In fron of Negasi Building,,,
NR,1684,Wukro Service center,ET Own Building,,13.7953867,39.6025608,
NR,1681,Endaselasei Service center,Abaymado Tele,near to st.Gebriel church,11.5877371,37.3846758,
WAAZ,5970,Enkulal Fabrica Service center,Azena tele,Azena tele,10.76367,36.81556,
NNWR,1573,Estie Service center,NWR Ethio telecom regional office Building,around depo(infront of tana haik school),11.5998553,37.3718925,
NAAZ,2021,Ferensay Service center,Like-heran Basaznew Fentie Building,at old Millinium café building,11.5969165,37.3852088,
EAAZ,5938,Figa Service center,Hidar 11 S.C building ,Besides to NOC gas station,11.5789405,37.3952966,
NWR,1574,Bichena Service center,Bichena Tele building,Bichena Tele,10.44968,38.19963,
NWR,1907,Burrie Service center,Bure Tele building,At the back of Bure Bus station,10.70149,37.06013,
NWR,1571,Dangla Service center,Dangila Tele building,Dangila Tele building,11.25723,36.84162,
NWR,1569,Debre Markos Service center,D/Markos Tele building,Infront of town main square (FM hotel),10.33625,37.72905,
WAAZ,186,Geja SefKiosk,Nubia hotel building ,At gound of Nubia hotel building,10.34069,37.72966,
NWR,1631,Debre Work Kiosk,D/work tele building,D/work tele building,10.659058,38.166672,
NWR,1623,Dejen Service center,Dejen tele building,Dejen tele building,10.16392,38.15139,
NWR,1576,Finote Selam Service center,Finoteselam tele building,infront of town main square ,10.67985,37.2597,
NWR,1637,Jiga Kiosk,Jiga tele building,Jiga tele building,,,
SER,2058,Gelan Kiosk,Kosober tele G+4 building,Infront of Chima Hotel,10.95968,36.934005,
EAAZ,2090,Gerje Service center,Lumame tele building,Besides to Awabel woreda Admin office,10.25016,37.93768,
NWR,1633,Mertolemariam Kiosk,Mertolemariam tele building,Mertolemariam tele building,10.86747,38.27497,
NWR,1575,Motta Service center,Motta tele building,Motta tele building,11.08085,37.87952,
NWR,1646,Shendi Kiosk,Shendi tele building,Shendi tele building,10.64216,36.94415,
SAAZ,5907,Goffa Service center,Addis kidam tele building,Addis kidam tele building,11.04412,36.53101,
NNWR,1570,Gondar 2 Service center,Bole michael church,Bole Micael ,8.9795308,38.7711908,
NAAZ,2087,Gurdshola Service center,Roba building ,Akaki Beska ,8.8624005,38.7933253,
WAAZ,2019,Habtegiorgis Moveable Kiosk,own,kera/Almaziye meda BTS compound,,,
SWAAZ,5942,Haile Garment Kiosk,MAHB Building,Bole Bulbula( Mariam mazoriye),8.9520707,38.7866238,
SSWR,1323,Halaba Service center,Sofia Moll,Kera ,8.9805378,38.74941,
SAAZ,2055,Kaliti Service center,Tatu Abera  ,Kality near by  Bank of absiny ,8.9010012,38.7683266,
SAAZ,2054,Hana Mariam Service center,own,Koyee Feche infornt of Koyee sub cisty ,8.9035512,38.8249171,
CER,1830,HarPremium Service center,ELSABET,Lafto ,8.9912008,38.7256311,
SR,1205,Hawassa 2 Service center,CBE,Saris ,8.9526446,38.7631517,
NR,1704,Hawzien Kiosk,AMKORA,Tuludimitu near by roundabut ,8.8735309,38.8181434,
EAAZ,5963,Haya Hulet Service center,Own,Nifas silk core sit ,8.9639417,38.762937,
EAAZ,5963,Haya Hulet- Awraris Kiosk Corner,ET Building,In front of  NOC,8.4884822,39.8285629,
CWR,2068,Gojo (Jeldu) Kiosk,ET Building,Adama Mebrat Hail,8.5485935,39.2717662,
SER,5306,Adama 2 Service center,Haji Building,Infront of Germen Hotel,8.5394937,39.2603023,
SWAAZ,1986,Jemo Service center,Adama Gumruk ,Tikur Abay,8.5195111,39.2762124,
SWAAZ,1986,Jemo Michael Service center,Anteneh Tesfaye Building,Infront of Muse Hospital/Adama 04 ,8.5530116,39.2782254,
WR,1559,Kake Service center,ET Building,Wangari Area ,8.5681078,39.2837895,
SWAAZ,1982,Karakore Kiosk,Amede Gebeya,Amede ,8.5680497,39.2837908,
SER,1114,Arboye Kiosk,ET Building,Arboye tele,8.38311,39.68215,
WAAZ,2022,Kechene Kiosk,ET Building,Arsi Sire Tele,8.28045,39.48983,
NER,1769,Kelela Kiosk,ET Building,Robe Kebele 02,7.8680717,39.6287998,
SR,1214,Kofelle Kiosk,No Name ,Infront of haile building/Menaheria,7.961084,39.132833,
SER,1103,Assela Service center,Post office Building,Post Office/ Total Fuel Station,7.953236,39.1320804,
SER,1104,Batu Service center,ET Building,ButaJira road,7.9313026,38.7152294,
SER,1120,Bekoji Service center,ET Building,Mazegaja Sefer,7.534277,39.255846,
SAAZ,60040,Koye Fetche Service center,Daniel Yifru Building,Mekelakeya,8.7542868,38.9530055,
SER,1128,Dixis Kiosk,ET Building,Dixis Tele,8.0605345,39.5558175,
SER,1118,Dukem Service center,ET Building,Dukem Tele,8.7933092,38.9029613,
CNR,2020,Kuyu Service center,ET Building,Gelan City,8.8335007,38.8384981,
SER,1148,Meki Service center,ET Building,Meki Addministarrion ,8.14625,38.816094,
SAAZ,2054,Lafto Mehal Kiosk,ET Building,Tele ,8.9031348,39.9159212,
SER,1109,Modjo Service center,ET Building,Tele /or Post office ,8.6002094,39.1231096,
SER,1110,Welenchiti Kiosk,ET Building,Ketema Asetedader,8.659969,38.65942,
SER,1107,Wonji Kiosk,Abune Teklehaimanot Church,Timekete bahir ,8.4583832,39.2229988,
NER,173,Lalibela Service center,ET Bulding,Aleta Wondo ,6.6033433,38.4251976,
CWR,1984,Leman Kiosk,ET Bulding,Adolla ,5.8797,38.9909,
SWAAZ,2047,Lideta Service center,ET Bulding,Amaro Kele ,5.836851,37.903087,
SWR,1406,Limmu Service center,ET Bulding,Arisi Negele ,7.3533467,38.6713705,
SR,1255,Bensa Service center,Redeat Building,Dye ,6.5248823,38.8268391,
EAAZ,5965,London Cafe2 Service center,ET Bulding,Bulehora,5.6367551,38.2385962,
NWR,1574,Lummame Kiosk,ET Bulding,Chelelektu ,6.006432,38.154748,
SR,1206,Dilla Service center,ET Bulding,Dillla ,6.4121034,38.3131252,
NR,1678,Maichew Kiosk,ET Bulding,Dolo Ado ,4.1760386,42.0562149,
SR,1241,Filtu Kiosk,ET Bulding,Filtu ,5.149301,40.647912,
NNWR,1578,Makisegnet Kiosk,ET Bulding,Finchweha ,5.4000343,38.2740699,
SR,1205,Hawassa  Premium Service center,ET Bulding,Hawassa ,7.0477474,38.4882418,
NNWR,1570,Maraki Kiock Corner,ET Bulding,Hawassa ,7.0524472,38.4710576,
SR,1269,Kercha Kiosk,ET Bulding,Kercha ,5.780469,38.406157,
NR,1717,Maytsebri Service center,ET Bulding,Kofele ,7.073155,38.7902763,
SR,1219,Leku Kiosk,ET Bulding,Leku ,6.87309,38.44425,
SR,1210,Moyale Service center,ET Bulding,Moyale ,3.5458666,39.0487807,
EAAZ,5965,Megengana Adebabay Service center,ET Bulding,Negele Borena ,5.3324,39.579552,
NAAZ,2098,Megenagna/Yeka Service center,Africa Moal ,Shahemene,7.196821,38.616775,
CER,1830,Melakarufa Kiosk,ET Bulding,Shahemene,7.197885,38.599125,
SR,1231,Shakisso Service center,Gawele Building ,Shakisso ,5.7692065,38.9008448,
SR,1248,Teltele Kiosk,ET Bulding,Teltele ,5.064578,37.384999,
WAAZ,2061,Mesalemiya Service center,ET Bulding,Yabello ,4.8854112,38.1403968,
SR,1226,Yirgachefe Service center,ET Bulding,Yirga Cheffe ,6.1598909,38.2010316,
SR,1211,Yirgalem Service center,ET Bulding,Yirga Alem ,6.7489076,38.4123326,
SSER,1155,Adaba Kiosk,ethio telecom,Adaba,7.007915,39.3943383,
NAAZ,2049,Meskel FlowService center,ethio telecom,Agarfa,7.2687776,39.8212654,
SER,1108,Metehara Service center,Metaferiya Hotel,Bale Robe,7.1321145,40.000677,
SSER,1164,Delomena Service center,ethio telecom,Delomena,6.4165755,39.8529013,
SSER,1153,Dodola Service center,ethio telecom,Dodola,6.97806,39.187085,
SSER,1165,Gassera Kiosk,ethio telecom,Gasera,7.370578,40.189972,
SSER,1161,Ghinir Service center,ethio telecom,Ghinir,7.1384,40.7111,
SSER,1106,Goba Service center,ethio telecom,Goba,7.0047562,39.9677639,
NNWR,1578,Metema Service center,ethio telecom,Goro,6.9950181,40.4796901,
SWAAZ,2047,Mexico Service center,Tele core site,Secha,6.03,37.55,
CNR,1774,Molale Kiosk,Dashen Bank Building,Sikela,6.034443,37.556969,
SSWR,1277,Areka Service center,ET Building,Areka City Admin,6.8500023,37.7630565,
SSWR,1132,Bele Kiosk,ET Building,Bele City Admin,6.9238191,37.6527982,
SSWR,1307,Bonesha Kiosk,ET Building,Bonesha City Admin,6.8499987,37.763037,
SSWR,1276,Butajira Service center,ET Building,Butajira City Admin.,6.8500002,37.763055,
SSWR,1296,Chencha Kiosk,ET Building,Chencha City Admin.,6.249,37.5801,
NNWR,1601,Nefas Mewcha Service center,ET Building,Darge City Admin.,8.42184,37.52172,
SR,1209,Negelee Borena Service center,ET Building,Doyo Gena City Admin.,7.3531,37.7831,
SSWR,1274,Durame Service center,ET Building,Durame City Admin.,6.9223853,37.6496158,
SSWR,1401,Gessa Kiosk,ET Building,Gessa City Admin.,7.01482,37.27485,
SSWR,1321,Hadero Kiosk,ET Building,Hadero City Admin.,6.8500019,37.763053,
WAAZ,186,Raguael Moveable Kiosk,ET Building,Halaba City Admin.,6.8499984,37.7630538,
SWAAZ,178,Sarbet Service center,ET Building,Dimmeka City Admin.,5.168012,36.543502,
SSWR,1273,Hossaena 2 Service center,ET Building,Medaniyalem Church,6.8500012,37.7630561,
SSWR,1273,Hossana Service center,ET Building,Colonel Bezabeh Square,6.8499881,37.7630539,
SSWR,1275,Jinka Service center,ET Building,Jinka City Admin.,5.780634,36.571592,
SSWR,1298,Konso Kiosk,ET Building,Karat City Admin.,5.337808,37.440014,
SSWR,1284,Sawula Service center,ET Building,Sawula City Admin.,6.3010201,36.8821144,
SAAZ,5272,Saris Premium Service center,ET Building,Hana City Admin.,6.224581,36.130196,
SSWR,1416,Tercha Service center,ET Building,Tercha City Admin.,7.1444817,37.173075,
SSWR,1345,Tora Kiosk,ET Building,Tora City Admin.,7.88603,38.4245,
NR,1730,Selkilaka Kiosk,ET Building,Gubre Sub City ,8.291126,37.781985,
SR,163,Shahemene 2 Service center,Feleke Building,Tena Tabiya Sefer,6.862578,37.7633921,
SR,163,Shahemene 3 Kiosk,Mulege Building,Around Abrham Hotel,6.8503485,37.7744729,
SR,163,Shashemene Service center,ET Building,Werabe City Admin.,7.853321,38.187399,
ER,5301,Shinile Kiosk,OLD AU building,AU compound,,,
SWAAZ,5955,Alembank Service center,Ashrek building owner ,Near to Alembank ,9.0022559,38.676736,
SWAAZ,5949,Alemgena Service center,Wangari share company Building ,Near to Coble Fuel station,8.9354605,38.6646155,
NR,1728,Shire 2 Kiosk,DG building ,Ayertena behind Sami Café,8.9825581,38.698135,
NAAZ,180,6 killo Premium Service center,Ethio POST office building,Betel around kolfe subcity ,9.0043475,38.6980734,
NAAZ,182,Stadium Service center,Abo Yegara hintsa menoria ,Garment Meskelegna,8.9356842,38.72294,
EAAZ,5941,Summit 72 Service center,Naod Building ,Jemmo 1 ,8.9614084,38.7144718,
NWR,169,Tana Service center,Express plaza ,Near to Jemo Micahel church ,8.9696159,38.7228494,
CWR,1989,Tulubolo Service center,Yared Worku ,Girar sefer,8.9791763,38.685267,
SWAAZ,5942,Lebu Premium Service center,Fozia building,Infront of Gara market,8.9488396,38.728678,
SAAZ,2056,Tulu Dimtu Service center,Lideta Ethiotelecom building ,Infront of Lideta court ,9.0112911,38.7339049,
SWAAZ,1986,Mekanisa Kiosk Corner,Mekanisa Ethio telecom compound,Infront of Seminarioum college ,8.9701008,38.7310903,
NER,1769,Wegedi Kiosk,EGUST building ,Next from Sudan Club,8.9917197,38.7384051,
SWAAZ,2120,Torhailoch Service center,Muluwongel Church building,Ketena hulet /Torhailoch,9.0103069,38.7202656,
SSWR,1983,Welekite Service center,Wolete ethioteleom building,Wolete tele,8.967046,38.6730179,
SWR,1444,Agaro Service center,Agaro ET Building,Agaro ,7.8553775,36.5861873,
SWAAZ,5949,Welete Service center,Atinago ET Building,Atinago ,8.3055732,36.949801,
SWR,1437,Bedelle Service center,Bedele ET Building,Bedele ,8.4562812,36.3503971,
SWR,1457,Bonga Service center,Bonga ET Building,Bonga ,7.2659956,36.2450016,
SSWR,1983,Welkite - Gubre Kiosk,Chira ET Building,Chira ,7.7442679,36.250272,
SWR,1449,Gatira Kiosk,Gatira ET Building,Gatira,7.976635,36.2037476,
SAAZ,184,Wengelawit (Nifas Silk) Service center,Gesha ET Building,Gesha ,7.5940502,35.759778,
SWR,1434,Gore Kiosk,Gore ET Building,Gore ,8.1528191,35.5376891,
SWR,165,Jimma Kiosk,Hasen Building,Hasen Building,7.6684846,36.8482147,
SWR,165,Jimma  Premium Service center,Main Office Building,Main Office Building,7.6756771,36.8289725,
SWR,5319,Jimma 2 Service center,Chirstian Building,Chirstina Building,7.6744921,36.8338171,
SWR,5319,Jimma 3 Service center,White Building,Nejib Ababiya Building,7.6678136,36.8400541,
SSWR,5333,Wolayta Sodo Premium Service center,Limu ET Building,Limu ,8.0893803,36.9523165,
SWR,1383,Metti Kiosk,Metti ET Builing,Metti ,7.2372508,35.3209677,
SWR,1422,Mettu Service center,Metu ET Building,Metu ,8.2970726,35.5826262,
SWR,1474,Mizan Service center,Mizan ET Building,Mizan ,6.9989562,35.5874634,
SSWR,5333,Wolayta 2 Service center,Sheyi Bench ET Building,Sheyi Bench ,6.9630733,35.7705678,
SWR,1414,Sokoru Kiosk,Secoru ET Building,Secoru ,7.9266401,37.4194034,
SWR,1487,Teppi Service center,Tepi ET Building,Tepi ET ,7.1997074,35.4217688,
SWWR,1375,Abobo Kiosk,ET building,Abobo town,7.897045,34.542625,
SWWR,1374,Gambela University Moveable Kiosk,Inside Gambella University,Gambella University,8.240594,34.605339,
SWWR,1374,Gambella Premium Service center,ET building,tele area,8.2522527,34.5891079,
SWWR,1374,Gambella - Newland Kiosk,Hadi building,Newland,8.246077,34.5958992,
SWWR,1374,Gambella 2 Service center,Near to Abysinia Bank,Gilo Adebabay,8.2389445,34.5848558,
SSWR,1346,Worabe Service center,ET building,Gningnang town,8.301818,33.684317,
NAAZ,2091,Wosen Service center,Tadesse checkol comercial complex,"Enkulal fabrica, near enkulal fabrica federal police officers club",9.0480821,38.7415485,
WAAZ,1683,Adawa Muzeum Kiosk,Adwa Muzeum Building ,Infornt of Arada Building ,9.0387513,38.75568,
WAAZ,186,Addis Ketema Service center,own building ground floor ,Near to Autobis bus station,9.0341383,38.7339617,
WAAZ,2022,Addisu Gebeya Service center,own building ground floor,Behind Gulele administration,9.0585881,38.7348357,
WAAZ,2019,Arada Premium Service center,own building ,Infornt of Arada Giorgis church ,9.0394047,38.751866,
WAAZ,5969,Ashewa Meda Service center,"Tariku building , ",Near to shaka mall,9.0322318,38.6643766,
WAAZ,2065,Asko Service center, Own building ,Infront of Asko bus station ,9.0666576,38.6933236,
WAAZ,2066,Burayou Service center,Burayu tele new building ground floor ,Burayu tele new building ground floor ,9.0765329,38.675839,
NAAZ,2048,Weha Lemat Premium Service center, Commercial bank building ground floor ,Near to Mierab Hotel,9.0162993,38.7401646,
SR,1246,Yabello Service center,Around Habtegiorgis Dildiy ,Around Habtegiorgis Dildiy ,9.0340533,38.742505,
EAAZ,6045,Yeka Abado Kiosk,Geremew Building,kechene first Road near to mobile station,,,
WAAZ,2061,Kolfe Service center, OWN BUILDING /Atena Tera,"Near to EFOITA , OWN BUILDING /Atena Tera",9.0402533,38.7133525,
WAAZ,2061,Kolfe -Lukanda Moveable Kiosk,Around Lukanda End of Taxi staion,Around Lukanda End of Taxi station,9.0333371,38.7083345,
WAAZ,2075,Mercato Service center,"YZ BUILDING 1st floor , ",Around Sebategn,9.0321183,38.7323633,
WAAZ,2075,Mercato Dubai Tera Moveable Kiosk,Dubai ,infornt of Mercato bus station ,9.0311617,38.73957,
WAAZ,2075,Mercato2 Service center, Commercial bank building ground floor ,Near to Mierab Hotel,9.0293403,38.7366309,
NER,1810,Ziquala Kiosk,Shewa tsega building ,Shewa tsega building ground floor,9.0341,38.7281317,
WAAZ,2063,Shegole Service center,MSSN Boff  Trading plc,"Near to Medahnalem preparatory school ,",9.0529616,38.7208868,
WR,1557,Alemi Teferi Kiosk,ET Biulding ,Alemteferi  town,8.9050383,35.2266491,
WR,1393,Babu Kiosk,ET Biulding , Babu town,9.472055,35.1986364,
WR,1548,Begi Kiosk,ET Biulding , Begi city,9.3407,34.5362,
WR,1556,Dembi Dolo Service center,ET Biulding , Dembi Dolo  town naer to Post oficee,8.534744,34.8004865,
WR,1520,Fincha Kiosk,ET Biulding , Fincha town ,9.6622,37.3346,
WR,1531,Ghimbi Service center,ET Biulding , Ghimbi city near to Ghimbi high court ,9.1797566,35.832766,
WR,1493,Gidayana Service center,ET Biulding , Gidayana town,9.8690,36.6276,
WR,1495,Guten Service center,ET Biulding , Guten town,9.032086,36.671453,
WR,1767,Kombolcha Kiosk,ET Biulding , Kombolcha town,11.086419,39.737076,
WR,1546,Mendi Service center,Melkamu Building,Mendi town,9.7970,35.1,
WR,1543,Nedjo Service center,ET Biulding ,Nedjo town,9.5066974,35.5029627,
WR,167,Nekemete Kiosk,Wakshum Building,Nekemete ,9.0828902,36.5826851,
WR,167,Nekemete DDC Moveable Kiosk,ET Biulding ,Moveable,9.0888883,36.5371433,
WR,167,Nekemte Premium Service center,ET Biulding ,Nekemte city,9.0880932,36.5501127,
WR,167,Nekemte  2 Service center,Shako Building,Nekemte city,9.0888424,36.5368842,
WR,1519,Shambu Service center,ET Biulding ,shambu city,9.5670883,37.1042991,
WWR,1352,Asosa University Moveable Kiosk,Ethiotelecom Building,Arround Zumbara Printing,,,
WWR,1352,Assosa Premium Service center,Ethiotelecom Building,Assosa- Old Chat Tera,10.0632354,34.5378592,
WWR,1352,Assosa Kiosk Corner,Mashaalah Build ,Arround Yetebaberut Fuel Station,,,
WWR,1353,Bambasi Kiosk,Ethiotelecom Building,BamBasi- Arround Bas Station,11.296495,36.241807,
WWR,1366,Gilgel Beles Service center,Ethiotelecom Building,Around Adebabay,11.151952,36.349712,
WWR,1360,Kamashi kiosk,Ethiotelecom Building,Kamash Tele,11.280738,40.643007,
WWR,1368,Manbuk Kiosk,Ethiotelecom Building,Arround Mestedadir ,11.296495,36.241807,
WWR,1370,Mankush Kiosk,Ethiotelecom Building,Mankush Tele,11.267587,35.283417,